WKT,building
"MULTIPOLYGON (((10.2024816 56.1434907,10.2023236 56.1434845,10.2019987 56.1434511,10.2017828 56.1434213,10.2016248 56.143399,10.2015358 56.143363,10.2017583 56.1431522,10.2022413 56.1427617,10.2023058 56.1427604,10.2028934 56.142846,10.2035232 56.1429253,10.2040061 56.1429588,10.2040573 56.1429787,10.2040685 56.1430468,10.2041352 56.1432886,10.204182 56.1435341,10.204133 56.1435577,10.2040195 56.1435465,10.2030981 56.143523,10.2031315 56.1433829,10.2030491 56.1433481,10.2028822 56.1433543,10.2025484 56.143332,10.2025106 56.1433357,10.202495 56.1434746,10.2024816 56.1434907)),((10.2022635 56.1433531,10.2018362 56.1433246,10.2019542 56.1431969,10.2019831 56.1431944,10.2020476 56.1431522,10.2020365 56.1431374,10.2023014 56.1429229,10.2023281 56.1429241,10.2023481 56.1429117,10.202337 56.1428894,10.2023681 56.1428819,10.2024149 56.1428993,10.2032472 56.1430047,10.2032695 56.1430171,10.2033207 56.1430171,10.2038993 56.143063,10.2039572 56.1433134,10.203946 56.1433295,10.2039683 56.1433655,10.2039839 56.1434325,10.2038259 56.1434325,10.2038103 56.1434213,10.2037658 56.1434225,10.2037413 56.1434275,10.2035744 56.1434263,10.2035143 56.1434163,10.2034831 56.1434213,10.2033696 56.1434151,10.203354 56.1434002,10.2033162 56.1434015,10.2032962 56.1434275,10.2032739 56.1434263,10.2033029 56.1433122,10.203156 56.1432651,10.2030981 56.1432403,10.2029802 56.1432279,10.2029445 56.1432254,10.2029423 56.143208,10.2028889 56.1432118,10.20288 56.1432266,10.202653 56.1431981,10.2025773 56.1432006,10.2024972 56.1431994,10.2023548 56.1432415,10.2023147 56.1432651,10.2023125 56.1433444,10.202308 56.1433581,10.2022635 56.1433531)))",yes
"MULTIPOLYGON (((10.2043386 56.142786,10.2040283 56.14202,10.2041195 56.1419909,10.2042121 56.141946,10.2042686 56.1419125,10.2049636 56.1420968,10.2056381 56.142332,10.2054827 56.1429568,10.2053312 56.1429529,10.2048288 56.1428565,10.2043386 56.142786)),((10.2053192 56.1428348,10.2045269 56.1427009,10.2042665 56.1420574,10.2042888 56.1420413,10.2054372 56.1423984,10.2053659 56.1427356,10.2053192 56.1428348)))",yes
"MULTIPOLYGON (((10.2051644 56.1427046,10.2046079 56.1426042,10.2044311 56.1422065,10.2044619 56.1421857,10.2045431 56.1421794,10.2052845 56.1424162,10.2053121 56.1424741,10.2053007 56.1425283,10.2052926 56.1425907,10.2052667 56.1426738,10.2052375 56.1426991,10.2051644 56.1427046)),((10.2048773 56.1425762,10.2048351 56.1425554,10.2048221 56.1425328,10.2048156 56.1425066,10.2048172 56.1424822,10.20484 56.1424551,10.2048708 56.1424325,10.204913 56.1424225,10.20496 56.1424144,10.2050071 56.1424171,10.205059 56.1424262,10.2050995 56.1424515,10.2051158 56.1424714,10.2051271 56.1425039,10.2051287 56.142531,10.2051077 56.14255,10.2050849 56.1425672,10.2050622 56.142578,10.2050233 56.1425889,10.2049908 56.1425943,10.204947 56.1425934,10.2049097 56.1425843,10.2048773 56.1425762)))",
"MULTIPOLYGON (((10.2479701 56.1479464,10.2386876 56.1440763,10.2271975 56.139258,10.2266683 56.1394638,10.2218505 56.1398653,10.2217649 56.1399136,10.2215574 56.1399307,10.2214976 56.139937,10.2214833 56.1398824,10.2213385 56.1398951,10.2213526 56.1399448,10.220847 56.1399855,10.2135037 56.1405674,10.2126506 56.1406471,10.2125374 56.1406513,10.212514 56.140584,10.2167306 56.1402369,10.2165905 56.1397106,10.2140191 56.1399129,10.2138631 56.1398615,10.2134387 56.139365,10.2132657 56.139279,10.2130792 56.1392225,10.21281 56.1391819,10.212511 56.139206,10.2080021 56.1403046,10.2074538 56.1403858,10.2086284 56.1429903,10.2087814 56.1435241,10.2088215 56.1438675,10.209054 56.1445823,10.2092449 56.144867,10.2095654 56.1451608,10.2107916 56.1463563,10.2106731 56.1464156,10.2105777 56.1463566,10.2105211 56.1463185,10.2101179 56.1459487,10.2099737 56.1458112,10.2099175 56.145792,10.209636 56.1455855,10.209347 56.14547,10.209212 56.1455611,10.2091017 56.1461299,10.2090423 56.1461338,10.2089097 56.1461426,10.2090285 56.1467084,10.209104 56.1470602,10.2091557 56.1472902,10.2092208 56.1475038,10.2092579 56.1476243,10.2093444 56.1478444,10.2094487 56.1479495,10.209527 56.1482865,10.20957 56.1484714,10.2097934 56.1490116,10.2101181 56.1497967,10.2105341 56.1509343,10.2108233 56.1516763,10.2109612 56.1518697,10.2117034 56.1518669,10.2121516 56.1519918,10.2126896 56.1525276,10.2131827 56.1523737,10.2143409 56.1518788,10.2147093 56.1520477,10.2160474 56.1526806,10.216393 56.1529539,10.2181019 56.1542631,10.2194263 56.1558964,10.2193691 56.1560445,10.2201135 56.1569507,10.2204658 56.157081,10.2214934 56.156792,10.2220522 56.1566348,10.2211265 56.1555932,10.2216519 56.1554597,10.2225856 56.1565104,10.2225496 56.1565258,10.2225897 56.1565729,10.2226774 56.1565885,10.2227619 56.1565638,10.2227922 56.1565156,10.2227424 56.1564643,10.2226822 56.1564521,10.2213214 56.154916,10.2205994 56.1543202,10.2182123 56.1524084,10.218272 56.1523401,10.2205272 56.1527755,10.220581 56.1527343,10.2189879 56.1515188,10.2160673 56.1509544,10.2156766 56.1507607,10.2138011 56.1488627,10.2139637 56.1488027,10.2141657 56.1489513,10.2142383 56.1489261,10.2138278 56.148591,10.2140074 56.1484991,10.2145257 56.1489295,10.2145964 56.148937,10.2163389 56.1482593,10.2163541 56.1482123,10.213242 56.1457042,10.2138407 56.1454722,10.2169157 56.1479582,10.2196005 56.1498726,10.2211586 56.1513868,10.2222807 56.1529812,10.2266018 56.1578712,10.2265048 56.1578849,10.2264876 56.1578583,10.2263965 56.1578786,10.226357 56.1579259,10.2263874 56.1579789,10.2264724 56.1579986,10.2265564 56.1579845,10.2266053 56.1579426,10.2278839 56.1577061,10.2279914 56.1576729,10.2275623 56.1571892,10.2276434 56.1570859,10.2275793 56.1570071,10.2273731 56.156987,10.2273268 56.1569354,10.2274117 56.1568215,10.2272716 56.1566628,10.2271299 56.1567075,10.2270256 56.1565892,10.2271191 56.1564881,10.2270454 56.1564097,10.2268414 56.156386,10.2259483 56.1553637,10.2259891 56.1553496,10.2279689 56.1556388,10.2294277 56.1572811,10.2316074 56.1588039,10.2320064 56.1594775,10.2319684 56.1601769,10.231369 56.1610166,10.2313149 56.1610042,10.2312743 56.1610698,10.2313149 56.1611138,10.2314204 56.1611319,10.2315015 56.1611104,10.2315401 56.1610517,10.2315178 56.1610099,10.2318123 56.1605951,10.2318679 56.1606087,10.2321833 56.160194,10.2322149 56.1594653,10.2318276 56.1587937,10.2316489 56.1586031,10.2334067 56.1572527,10.234344 56.1566081,10.234226 56.1564737,10.2345974 56.1560542,10.2342166 56.1552398,10.2333677 56.1548484,10.232901 56.1544421,10.2313828 56.1535144,10.2308598 56.1533276,10.2306935 56.1531917,10.2306919 56.1530621,10.2317709 56.1525303,10.2270831 56.1496055,10.2266876 56.1497181,10.2266112 56.1496868,10.2254915 56.1500015,10.2253418 56.1499577,10.2252665 56.1498901,10.2250239 56.1498429,10.2247689 56.1498078,10.2244964 56.1498235,10.2243899 56.1498777,10.2243568 56.1499472,10.2243547 56.1501353,10.2243293 56.150191,10.2242251 56.1502219,10.2242687 56.1489832,10.223839 56.1486329,10.2237037 56.1485226,10.222643 56.1476586,10.2219173 56.1470617,10.2221547 56.146929,10.2225078 56.146666,10.2232059 56.1463991,10.2180954 56.1422413,10.2190411 56.1418685,10.2193325 56.1416363,10.2274113 56.1447967,10.2314062 56.1463517,10.2319547 56.1465732,10.232819 56.1441923,10.2337522 56.1434946,10.2356729 56.1442895,10.2393335 56.1457989,10.2407881 56.1459107,10.243775 56.147222,10.244716 56.1488845,10.2454187 56.1493556,10.2479701 56.1479464)))",
"MULTIPOLYGON (((10.1905221 56.139676,10.1901063 56.1367461,10.1901036 56.1364576,10.1953283 56.1373328,10.1975099 56.1377287,10.1998987 56.1381722,10.2006624 56.1382468,10.2016502 56.1384212,10.2035071 56.1388937,10.2042458 56.1389336,10.2050035 56.1389778,10.2056672 56.1389303,10.205745 56.1389318,10.2058126 56.1389468,10.2058738 56.1389769,10.2066957 56.139382,10.2067869 56.1394507,10.2068161 56.1400463,10.2068929 56.1405361,10.2069975 56.1411196,10.2071403 56.1416458,10.20737 56.1421764,10.2075535 56.1426227,10.2075174 56.1426662,10.2073826 56.1426713,10.2055912 56.141931,10.2044775 56.1416039,10.2032087 56.1413368,10.1996891 56.1406428,10.1991522 56.1405884,10.1982948 56.1405017,10.1905221 56.139676)))",
"MULTIPOLYGON (((10.2049495 56.1410248,10.2050005 56.1410472,10.2049442 56.1410965,10.2049039 56.1410831,10.2048342 56.1411384,10.2046612 56.14107,10.2047484 56.1409979,10.2049066 56.1410592,10.2049495 56.1410248)))",yes
"MULTIPOLYGON (((10.204912 56.141624,10.2054297 56.1417884,10.2054458 56.1417794,10.2054618 56.1417735,10.2054753 56.1417705,10.2054484 56.1416913,10.2058132 56.1416464,10.20584 56.1417167,10.2058642 56.1417152,10.2058856 56.1417167,10.2059071 56.1417212,10.2059822 56.1416106,10.2060895 56.141633,10.2059902 56.1417735,10.2058856 56.141754,10.2058534 56.1417511,10.205494 56.1418004,10.2054726 56.1418078,10.2054082 56.1418721,10.2048396 56.1416943,10.204912 56.141624)))",yes
"MULTIPOLYGON (((10.2031739 56.1420335,10.2025114 56.142555,10.2026965 56.1426312,10.2027689 56.1425729,10.2027957 56.1425849,10.2027662 56.1426133,10.2028467 56.1426417,10.2029137 56.1426626,10.2030023 56.142685,10.2030827 56.142703,10.2031954 56.1427224,10.2032812 56.1427358,10.203367 56.1427448,10.2034529 56.1427523,10.2035307 56.1427567,10.2036058 56.1427567,10.2036862 56.1427582,10.203756 56.1427553,10.2038391 56.1427508,10.2039196 56.1427418,10.203882 56.1426238,10.2038177 56.1426282,10.2037426 56.1426312,10.2036728 56.1426327,10.2036138 56.1426327,10.2035414 56.1426312,10.2034851 56.1426297,10.203426 56.1426238,10.2033644 56.1426163,10.2033027 56.1426103,10.2032437 56.1426028,10.2031927 56.1425954,10.2031337 56.1425834,10.20308 56.1425685,10.203021 56.1425535,10.2029701 56.1425386,10.2029191 56.1425206,10.2028842 56.1425117,10.2028655 56.1425236,10.2028306 56.1425117,10.2033509 56.1421052,10.2031739 56.1420335)))",apartments
"MULTIPOLYGON (((10.2058213 56.1411025,10.2058534 56.1412355,10.2057435 56.1412445,10.2057381 56.141231,10.2055144 56.1412493,10.2054914 56.1411608,10.2055986 56.1411518,10.2055926 56.1411221,10.2058213 56.1411025)))",yes
"MULTIPOLYGON (((10.2066477 56.143495,10.2064693 56.1434343,10.2066515 56.1432681,10.2068299 56.1433289,10.2066477 56.143495)))",yes
"MULTIPOLYGON (((10.2059457 56.1431553,10.20576 56.1431394,10.2059344 56.1425092,10.2061201 56.1425251,10.2059457 56.1431553)))",yes
"MULTIPOLYGON (((10.2063116 56.1433121,10.2061517 56.1432603,10.2066272 56.1428053,10.2067871 56.1428572,10.2063116 56.1433121)))",yes
"MULTIPOLYGON (((10.2072296 56.1434157,10.2070657 56.1433594,10.2072172 56.1432224,10.2073812 56.1432786,10.2072296 56.1434157)))",yes
"MULTIPOLYGON (((10.2069016 56.1432353,10.2067285 56.1431754,10.2069237 56.1430004,10.2070968 56.1430603,10.2069016 56.1432353)))",yes
"MULTIPOLYGON (((10.2048946 56.1443094,10.2054064 56.1442871,10.2054443 56.1442598,10.2054599 56.1440602,10.2054732 56.1440466,10.2054621 56.1440156,10.205451 56.1440019,10.205471 56.1437601,10.2055177 56.1432332,10.2054688 56.1432047,10.2052484 56.1431402,10.2044828 56.1429976,10.2044049 56.1430038,10.2043649 56.1430348,10.2043649 56.1430608,10.2044228 56.1433708,10.2045029 56.1438407,10.2045251 56.1440825,10.2045318 56.1443094,10.2045785 56.1443243,10.2048456 56.1443106,10.2048768 56.14424,10.2048656 56.1442102,10.204721 56.1442077,10.204721 56.1441172,10.2047455 56.1440961,10.2047143 56.144085,10.2047121 56.1440366,10.204741 56.144028,10.2047188 56.1440032,10.2047076 56.1439523,10.2047054 56.1438097,10.2047455 56.1438048,10.2047455 56.1437639,10.2046898 56.1437663,10.2046698 56.1435605,10.2046943 56.1435543,10.2046831 56.1435047,10.2046475 56.1434998,10.204603 56.1433113,10.204583 56.1432344,10.2046052 56.1432319,10.2046008 56.1431935,10.2045785 56.1431836,10.2045652 56.1431104,10.2053063 56.1432667,10.2053041 56.1433894,10.2052818 56.1433969,10.2052729 56.1435196,10.2052885 56.1435444,10.2052729 56.1437341,10.2052707 56.1438395,10.2052373 56.1438556,10.2052373 56.1439957,10.2052573 56.1440131,10.2052551 56.14408,10.2052217 56.1440937,10.2052551 56.1441209,10.2052462 56.1442003,10.2049992 56.1442028,10.2048946 56.1442115,10.2048901 56.1442635,10.2048946 56.1443094)))",apartments
"MULTIPOLYGON (((10.2097785 56.1405295,10.2103955 56.1403756,10.2102913 56.140246,10.2102784 56.1402493,10.2100385 56.1399506,10.2098024 56.1400095,10.2100423 56.1403081,10.2096744 56.1403999,10.2097785 56.1405295)))",yes
"MULTIPOLYGON (((10.2107293 56.1403503,10.2104172 56.1404272,10.210492 56.1405213,10.210804 56.1404445,10.2107293 56.1403503)))",yes
"MULTIPOLYGON (((10.208264 56.1403489,10.2085264 56.1406862,10.2085345 56.1406843,10.2085568 56.1407129,10.208621 56.1406974,10.2085987 56.1406687,10.2086176 56.1406642,10.2084 56.1403844,10.2084656 56.1403686,10.2084208 56.140311,10.208264 56.1403489)))",yes
"MULTIPOLYGON (((10.2088148 56.1412892,10.209462 56.1421224,10.2099978 56.1419932,10.2099008 56.1418684,10.2099986 56.1418449,10.2098579 56.1416638,10.209842 56.1416676,10.2098328 56.1416558,10.2098847 56.1416433,10.2099101 56.141676,10.2101399 56.1416206,10.2098608 56.1412489,10.2094987 56.1413326,10.2093565 56.1411577,10.2088148 56.1412892)))",yes
"MULTIPOLYGON (((10.2093057 56.1406259,10.2092574 56.1405732,10.2091729 56.1405375,10.209069 56.1405257,10.2089661 56.1405402,10.2088847 56.1405781,10.2088409 56.140632,10.2088434 56.1406911,10.2088917 56.1407438,10.2089762 56.1407795,10.2090802 56.1407913,10.2091831 56.1407768,10.2092645 56.1407389,10.2093082 56.140685,10.2093057 56.1406259)))",storage_tank
"MULTIPOLYGON (((10.209012 56.1402468,10.2089637 56.1401941,10.2088792 56.1401583,10.2087752 56.1401465,10.2086723 56.140161,10.2085909 56.140199,10.2085471 56.1402528,10.2085496 56.140312,10.2085979 56.1403646,10.2086824 56.1404004,10.2087864 56.1404122,10.2088893 56.1403977,10.2089707 56.1403597,10.2090145 56.1403059,10.209012 56.1402468)))",storage_tank
"MULTIPOLYGON (((10.2113923 56.1406549,10.2112918 56.1405293,10.211167 56.1405589,10.2111181 56.1405006,10.2109853 56.1405316,10.2109518 56.1404935,10.2106225 56.1405753,10.2106534 56.1406145,10.2107493 56.140594,10.2108371 56.1407008,10.2110819 56.1406422,10.2111436 56.1407169,10.2113923 56.1406549)))",yes
"MULTIPOLYGON (((10.197608 56.1488061,10.19888 56.1487516,10.1993694 56.1487298,10.2001606 56.148713,10.2011768 56.1487386,10.2020015 56.1488188,10.2032034 56.1489455,10.2033554 56.1481891,10.2046736 56.1483792,10.2050233 56.148435,10.2051785 56.1484468,10.2053547 56.1484468,10.2063658 56.1484116,10.2072947 56.1483828,10.2077236 56.148355,10.208145 56.1483241,10.2086754 56.1482697,10.2091925 56.1482035,10.2089474 56.1475475,10.2088631 56.1472744,10.2088057 56.1470098,10.2087137 56.1465414,10.208664 56.1461371,10.2086103 56.1457445,10.208494 56.1450283,10.2084622 56.1448304,10.2083682 56.1444847,10.2082314 56.1440824,10.2080319 56.1437271,10.2077365 56.1434782,10.2074446 56.1432688,10.2071283 56.1430616,10.2067729 56.1428581,10.2061029 56.1425286,10.2057316 56.1423379,10.2049949 56.1420889,10.2045643 56.1419622,10.2034475 56.1417207,10.2032371 56.1417024,10.2029367 56.1416524,10.2027998 56.1415936,10.1998711 56.1410002,10.1980862 56.1407825,10.1965385 56.1406347,10.1959804 56.1406183,10.1950183 56.1405283,10.194924 56.1409291,10.1948252 56.1413947,10.193959 56.1413309,10.1922224 56.1423286,10.1903036 56.1434988,10.1903333 56.1436143,10.1898327 56.1439499,10.1892965 56.1441263,10.1885107 56.1446172,10.1873744 56.1454972,10.1872397 56.1455889,10.1881589 56.1459474,10.1891242 56.1463592,10.1900281 56.1467582,10.1907558 56.1471422,10.1911312 56.1473748,10.1917249 56.1478015,10.1922917 56.1481685,10.1925867 56.1483435,10.192962 56.1485355,10.1933508 56.1486966,10.1936515 56.1487751,10.1940306 56.1488037,10.1944814 56.1488603,10.1955945 56.1488965,10.1962825 56.1488995,10.197608 56.1488061)))",
"MULTIPOLYGON (((10.207841 56.1410764,10.2078668 56.1411299,10.2078009 56.1411396,10.2077821 56.1410858,10.207841 56.1410764)))",yes
"MULTIPOLYGON (((10.2077434 56.1405236,10.2078024 56.1405101,10.2084568 56.1413336,10.208025 56.1414367,10.2079794 56.1413634,10.2078668 56.1411299,10.207841 56.1410764,10.207738 56.1408628,10.2075932 56.1405579,10.2077434 56.1405236)))",yes
"MULTIPOLYGON (((10.2093363 56.1432114,10.2094195 56.143239,10.2097007 56.1433325,10.2098138 56.1432839,10.2097392 56.1432221,10.2098523 56.1431767,10.2097674 56.1431093,10.209652 56.1431578,10.2096316 56.1431402,10.2096362 56.1431276,10.2096339 56.1431156,10.2096305 56.1431036,10.2096169 56.1430942,10.2095966 56.1430847,10.2095762 56.1430828,10.2095626 56.1430828,10.209549 56.1430822,10.2095298 56.1430677,10.2095875 56.1429719,10.2095117 56.1429069,10.2093363 56.1432114)))",yes
"MULTIPOLYGON (((10.2110234 56.1432818,10.211632 56.1430488,10.2114428 56.1428955,10.2116121 56.1428307,10.211801 56.1429839,10.2123806 56.142762,10.2133087 56.1435146,10.211948 56.1440354,10.2116189 56.1437685,10.2116034 56.1437744,10.2116203 56.1437881,10.2115734 56.1438061,10.2114471 56.1437037,10.2112609 56.143775,10.2112272 56.1437477,10.2112559 56.1437367,10.2112368 56.1437212,10.2114599 56.1436357,10.2110234 56.1432818)))",yes
"MULTIPOLYGON (((10.2085141 56.141647,10.2084512 56.1415668,10.2081863 56.1416313,10.2082501 56.1417127,10.2082599 56.1417103,10.2083794 56.1418627,10.2084122 56.1419045,10.2087018 56.1422739,10.2087193 56.1422963,10.2087241 56.1423023,10.2089014 56.1422592,10.2084363 56.141666,10.2085141 56.141647)))",yes
"MULTIPOLYGON (((10.2081652 56.1418521,10.2082764 56.1418352,10.2082982 56.1418798,10.208319 56.1419223,10.2085091 56.1423112,10.2084784 56.1423159,10.2084517 56.1423199,10.2084614 56.1423396,10.2084611 56.1423446,10.2084584 56.1423495,10.2084486 56.1423545,10.2084331 56.142356,10.2084192 56.142354,10.2084075 56.1423478,10.2081652 56.1418521)))",yes
"MULTIPOLYGON (((10.2082982 56.1418798,10.2083794 56.1418627,10.2084122 56.1419045,10.208319 56.1419223,10.2082982 56.1418798)))",yes
"MULTIPOLYGON (((10.2086429 56.1423152,10.208718 56.1424093,10.2087076 56.1424118,10.208828 56.1425626,10.2086693 56.1426019,10.208546 56.1424476,10.2085612 56.1424439,10.2084889 56.1423534,10.2085089 56.1423484,10.2086429 56.1423152)))",yes
"MULTIPOLYGON (((10.2087193 56.1422963,10.2086429 56.1423152,10.2085089 56.1423484,10.2085032 56.1423417,10.2084614 56.1423396,10.2084517 56.1423199,10.2084784 56.1423159,10.2085369 56.1423152,10.2087018 56.1422739,10.2087193 56.1422963)))",yes
"MULTIPOLYGON (((10.2109489 56.140891,10.2111049 56.1408778,10.2110821 56.1407938,10.2109261 56.1408069,10.2109489 56.140891)))",yes
"MULTIPOLYGON (((10.2109164 56.1408708,10.2109005 56.1407996,10.2105724 56.1408225,10.2105884 56.1408937,10.2109164 56.1408708)))",yes
"MULTIPOLYGON (((10.2073491 56.140449,10.2073679 56.140413,10.2074538 56.1403858,10.2084445 56.1426627,10.208019 56.1427836,10.2080025 56.1427112,10.2077901 56.1421644,10.2075723 56.1414932,10.2074325 56.1409314,10.2073652 56.1406228,10.2073491 56.140449)))",
"MULTIPOLYGON (((10.2082941 56.1431657,10.2084516 56.1431936,10.2085264 56.1432035,10.2085956 56.1432228,10.2086639 56.1432546,10.2087059 56.1432906,10.2086059 56.143325,10.2087512 56.1434473,10.2087814 56.1435241,10.2088215 56.1438675,10.209054 56.1445823,10.2092449 56.144867,10.2095654 56.1451608,10.2107465 56.1463238,10.2106799 56.1463428,10.210119 56.1458609,10.2099737 56.1458112,10.2099175 56.145792,10.209636 56.1455855,10.209347 56.14547,10.209212 56.1455611,10.2091017 56.1461299,10.2090423 56.1461338,10.2089097 56.1461426,10.2089249 56.1453281,10.2089428 56.1452153,10.2088227 56.1446797,10.2087474 56.1441854,10.2085941 56.1437944,10.2084677 56.1435427,10.2082795 56.1431861,10.2082941 56.1431657)))",
"MULTIPOLYGON (((10.2070381 56.1423981,10.2063959 56.1421103,10.2063699 56.1420594,10.2067842 56.1414857,10.2068618 56.1414829,10.2068677 56.1415352,10.2070725 56.141528,10.2070568 56.14139,10.2069878 56.1413589,10.2066779 56.1413699,10.2066121 56.1414019,10.2061148 56.1420905,10.2061503 56.14216,10.2069354 56.1425118,10.2071703 56.1424854,10.2071809 56.1425146,10.2072055 56.1425118,10.2072405 56.1426083,10.2074432 56.1425855,10.2073991 56.1424639,10.2072883 56.1424764,10.2072465 56.142361,10.2073572 56.1423485,10.2073126 56.1422253,10.2071099 56.1422481,10.2071463 56.1423486,10.2071217 56.1423513,10.2071347 56.1423872,10.2070381 56.1423981)))",yes
"MULTIPOLYGON (((10.2037343 56.140866,10.2038452 56.1407764,10.2038298 56.1407704,10.203856 56.1407492,10.2038052 56.1407296,10.2038378 56.1407028,10.2038412 56.1406935,10.2038356 56.1406843,10.2038225 56.1406779,10.2038057 56.1406761,10.2037894 56.1406792,10.2037779 56.1406864,10.2037717 56.140684,10.2037171 56.1407281,10.2036361 56.1406968,10.2036148 56.140714,10.2036001 56.1407084,10.203548 56.1407504,10.203568 56.1407581,10.2035407 56.14078,10.2035497 56.1407843,10.2035424 56.1407932,10.2035761 56.1408062,10.2035891 56.1407999,10.2036692 56.1408297,10.2036598 56.1408374,10.2037343 56.140866)))",yes
"MULTIPOLYGON (((10.2034151 56.1410921,10.203421 56.1410808,10.2034606 56.1410906,10.2035406 56.1409876,10.203448 56.1409652,10.2034444 56.1409484,10.2034312 56.1409414,10.2034132 56.1409392,10.2033958 56.1409421,10.2033833 56.1409496,10.2032907 56.1409272,10.203263 56.140963,10.2032323 56.1410051,10.2032125 56.1410307,10.2032577 56.1410411,10.2032505 56.1410535,10.2034151 56.1410921)))",yes
"MULTIPOLYGON (((10.2040303 56.1407454,10.2040653 56.1407147,10.203998 56.1406909,10.2039631 56.1407215,10.2040303 56.1407454)))",yes
"MULTIPOLYGON (((10.2039973 56.1406216,10.2039335 56.1405976,10.2038915 56.1406338,10.2039511 56.1406579,10.2039973 56.1406216)))",yes
"MULTIPOLYGON (((10.2040392 56.1405105,10.2039 56.1404575,10.2038152 56.140527,10.2039543 56.14058,10.2040392 56.1405105)))",yes
"MULTIPOLYGON (((10.204123 56.1404504,10.2042147 56.140369,10.2042328 56.1403695,10.2042554 56.1403512,10.2042549 56.140341,10.2042673 56.1403297,10.2040054 56.1402322,10.2039963 56.1402398,10.2039752 56.1402319,10.2040034 56.1402084,10.2038733 56.14016,10.2037528 56.1402608,10.203881 56.1403085,10.2038412 56.140342,10.2038765 56.1403552,10.2038912 56.1403429,10.2039966 56.1403821,10.203979 56.1403968,10.204123 56.1404504)))",yes
"MULTIPOLYGON (((10.2053941 56.1412633,10.205375 56.1412014,10.2052291 56.1412154,10.2052231 56.1411958,10.205049 56.1412125,10.2050745 56.1412951,10.2051397 56.1412888,10.2051437 56.1413019,10.2052012 56.1412963,10.2051968 56.1412822,10.2053941 56.1412633)))",yes
"MULTIPOLYGON (((10.2061651 56.1410604,10.2060518 56.141068,10.206047 56.1410454,10.2059746 56.1410502,10.2059795 56.1410729,10.2059175 56.141077,10.205926 56.1411165,10.2058712 56.1411201,10.2058788 56.1411551,10.2059334 56.1411514,10.2059353 56.1411603,10.2060409 56.1411532,10.2060435 56.1411655,10.2061857 56.1411561,10.2061651 56.1410604)))",yes
"MULTIPOLYGON (((10.2065725 56.1411846,10.2067163 56.1411715,10.2067003 56.141117,10.2067441 56.141113,10.2067515 56.1411383,10.2067916 56.1411346,10.2067995 56.1411619,10.2068619 56.1411562,10.2068541 56.1411293,10.2069013 56.141125,10.2068674 56.1410092,10.2067216 56.1410225,10.2067386 56.1410804,10.2066816 56.1410856,10.2066879 56.1411068,10.2065533 56.141119,10.2065725 56.1411846)))",yes
"MULTIPOLYGON (((10.2066533 56.140979,10.2068464 56.1409643,10.2068371 56.1409264,10.2068936 56.1409221,10.2068725 56.1408357,10.206867 56.1408361,10.206858 56.1407994,10.206695 56.1408118,10.2067143 56.1408908,10.2066798 56.1408934,10.2066894 56.1409327,10.2066429 56.1409363,10.2066533 56.140979)))",yes
"MULTIPOLYGON (((10.2068524 56.1407567,10.2068419 56.1407072,10.2067957 56.1407102,10.2067806 56.1406388,10.2067561 56.1406404,10.2067347 56.140539,10.2066305 56.1405459,10.2066362 56.1405727,10.2065696 56.1405771,10.2066004 56.1407226,10.206634 56.1407204,10.2066403 56.1407501,10.2066849 56.1407472,10.2066892 56.1407674,10.2068524 56.1407567)))",yes
"MULTIPOLYGON (((10.2067826 56.1403276,10.2066209 56.1403335,10.2066246 56.1403654,10.2066367 56.140365,10.2066442 56.1404295,10.2065516 56.1404328,10.2065648 56.1405463,10.2066748 56.1405424,10.2066703 56.1405037,10.2067888 56.1404994,10.2067725 56.1403594,10.2067862 56.1403589,10.2067826 56.1403276)))",yes
"MULTIPOLYGON (((10.2065952 56.1403028,10.2067558 56.140296,10.2067599 56.1403255,10.2065992 56.1403323,10.2065952 56.1403028)))",yes
"MULTIPOLYGON (((10.2067593 56.1401764,10.2066484 56.1401813,10.2066513 56.1402015,10.2065599 56.1402056,10.2065696 56.140274,10.2064854 56.1402777,10.2064903 56.1403121,10.206588 56.1403079,10.2065843 56.1402818,10.2067731 56.1402735,10.2067593 56.1401764)))",yes
"MULTIPOLYGON (((10.2058866 56.1402454,10.2060056 56.1401527,10.2057727 56.1400599,10.205703 56.1401142,10.2058518 56.1401735,10.2058025 56.1402119,10.2058866 56.1402454)))",yes
"MULTIPOLYGON (((10.2061922 56.1403497,10.2062395 56.1403473,10.2062341 56.1403148,10.2061868 56.1403172,10.2061922 56.1403497)))",yes
"MULTIPOLYGON (((10.2062199 56.1402168,10.2061384 56.1402011,10.2061135 56.1402412,10.2061951 56.1402569,10.2062199 56.1402168)))",yes
"MULTIPOLYGON (((10.2057141 56.1403157,10.2056378 56.1402851,10.2056797 56.1402527,10.205564 56.1402062,10.2054535 56.1402916,10.2054867 56.140305,10.205471 56.1403172,10.2055316 56.1403415,10.205546 56.1403303,10.2055668 56.1403386,10.2055959 56.1403162,10.2056733 56.1403472,10.2057141 56.1403157)))",yes
"MULTIPOLYGON (((10.2056024 56.1404142,10.205631 56.1403921,10.205518 56.1403466,10.2054894 56.1403686,10.2056024 56.1404142)))",yes
"MULTIPOLYGON (((10.2055144 56.1405318,10.2055488 56.1405456,10.2055785 56.1405224,10.2055438 56.1405086,10.2055656 56.1404916,10.2054481 56.1404448,10.205499 56.1404051,10.2054879 56.1404007,10.2055136 56.1403807,10.2053783 56.1403267,10.2053169 56.1403745,10.2053748 56.1403976,10.2052693 56.1404797,10.2053339 56.1405055,10.2053118 56.1405227,10.2054378 56.140573,10.2054511 56.1405626,10.2054668 56.1405689,10.2055144 56.1405318)))",yes
"MULTIPOLYGON (((10.2052466 56.1405269,10.2051663 56.140493,10.2051067 56.1405369,10.205174 56.1405652,10.2052042 56.140543,10.2052172 56.1405485,10.2052466 56.1405269)))",yes
"MULTIPOLYGON (((10.2052922 56.1407801,10.2053487 56.1407354,10.2052987 56.1407158,10.2053399 56.1406832,10.205123 56.140598,10.2050378 56.1406653,10.2051782 56.1407205,10.2051656 56.1407304,10.2052922 56.1407801)))",yes
"MULTIPOLYGON (((10.2052183 56.1410073,10.2052592 56.1409742,10.2052055 56.1409536,10.2052615 56.1409081,10.2051894 56.1408805,10.2052399 56.1408395,10.2051351 56.1407994,10.2050091 56.1409015,10.205056 56.1409194,10.2050449 56.1409284,10.2051158 56.1409556,10.205125 56.1409481,10.2051929 56.1409741,10.2051732 56.1409901,10.2052183 56.1410073)))",yes
"MULTIPOLYGON (((10.2048757 56.1408417,10.2047773 56.1408023,10.2047387 56.1408323,10.2048371 56.1408717,10.2048757 56.1408417)))",yes
"MULTIPOLYGON (((10.2046204 56.1410186,10.204673 56.1409765,10.2045937 56.1409457,10.204541 56.1409878,10.2046204 56.1410186)))",yes
"MULTIPOLYGON (((10.2048746 56.1413135,10.2048585 56.1412676,10.2045822 56.141296,10.2044796 56.141219,10.2044387 56.1412332,10.2043891 56.1411962,10.2044897 56.1411129,10.2045091 56.1411185,10.2045735 56.1410643,10.2044877 56.1410315,10.2042738 56.1412029,10.2043207 56.141222,10.2042778 56.1412399,10.2044099 56.1413445,10.2044796 56.1413188,10.2044977 56.1413565,10.2048746 56.1413135)))",yes
"MULTIPOLYGON (((10.2089934 56.1404238,10.2090299 56.1404742,10.2091969 56.1404366,10.2091604 56.1403863,10.2089934 56.1404238)))",yes
"MULTIPOLYGON (((10.2050121 56.1403949,10.2048292 56.1405444,10.2045955 56.1404556,10.2047784 56.1403061,10.2050121 56.1403949)))",
"MULTIPOLYGON (((10.2048292 56.1405444,10.2040471 56.1411585,10.2039351 56.141262,10.2038801 56.1413371,10.2038272 56.1414308,10.2037554 56.1414151,10.2038071 56.1412859,10.2038721 56.1411828,10.2039801 56.1410374,10.2041269 56.1408753,10.2045955 56.1404556,10.2048292 56.1405444)))",
"MULTIPOLYGON (((10.2050121 56.1403949,10.2058777 56.1397126,10.2058938 56.1396656,10.2056759 56.1395822,10.2056209 56.1395781,10.2047784 56.1403061,10.2050121 56.1403949)))",
"MULTIPOLYGON (((10.2099936 56.1413117,10.2102403 56.1412489,10.2101812 56.1411767,10.2099344 56.1412395,10.2099936 56.1413117)))",yes
"MULTIPOLYGON (((10.2112978 56.1402754,10.2124927 56.1399886,10.2121095 56.1394931,10.2109147 56.1397798,10.2112978 56.1402754)))",
"MULTIPOLYGON (((10.2040082 56.1419468,10.2041531 56.1418769,10.2040934 56.141853,10.2040592 56.1418463,10.2040163 56.1418515,10.2039881 56.1418687,10.2039807 56.1418885,10.2039861 56.141909,10.2040082 56.1419468)))",
